"id","fqdn/ip","port","severity","finding","cve","cwe"
"service","www.vienne-numerique.fr/83.206.130.186","443","INFO","HTTP","",""
"pre_128cipher","www.vienne-numerique.fr/83.206.130.186","443","INFO","No 128 cipher limit bug","",""
"SSLv2","www.vienne-numerique.fr/83.206.130.186","443","OK","not offered","",""
"SSLv3","www.vienne-numerique.fr/83.206.130.186","443","OK","not offered","",""
"TLS1","www.vienne-numerique.fr/83.206.130.186","443","INFO","not offered","",""
"TLS1_1","www.vienne-numerique.fr/83.206.130.186","443","INFO","not offered","",""
"TLS1_2","www.vienne-numerique.fr/83.206.130.186","443","OK","offered","",""
"TLS1_3","www.vienne-numerique.fr/83.206.130.186","443","INFO","not offered + downgraded to weaker protocol","",""
"ALPN","www.vienne-numerique.fr/83.206.130.186","443","INFO","http/1.1","",""
"cipherlist_NULL","www.vienne-numerique.fr/83.206.130.186","443","OK","not offered","","CWE-327"
"cipherlist_aNULL","www.vienne-numerique.fr/83.206.130.186","443","OK","not offered","","CWE-327"
"cipherlist_EXPORT","www.vienne-numerique.fr/83.206.130.186","443","OK","not offered","","CWE-327"
"cipherlist_LOW","www.vienne-numerique.fr/83.206.130.186","443","OK","not offered","","CWE-327"
"cipherlist_3DES_IDEA","www.vienne-numerique.fr/83.206.130.186","443","INFO","not offered","","CWE-310"
"cipherlist_OBSOLETED","www.vienne-numerique.fr/83.206.130.186","443","LOW","offered","","CWE-310"
"cipherlist_STRONG_NOFS","www.vienne-numerique.fr/83.206.130.186","443","OK","offered","",""
"cipherlist_STRONG_FS","www.vienne-numerique.fr/83.206.130.186","443","OK","offered","",""
"cipher_order-tls1_2","www.vienne-numerique.fr/83.206.130.186","443","INFO","NOT a cipher order configured","",""
"cipher-tls1_2_xc030","www.vienne-numerique.fr/83.206.130.186","443","OK","TLSv1.2   xc030   ECDHE-RSA-AES256-GCM-SHA384       ECDH 521   AESGCM      256      TLS_ECDHE_RSA_WITH_AES_256_GCM_SHA384","",""
"cipher-tls1_2_xc028","www.vienne-numerique.fr/83.206.130.186","443","LOW","TLSv1.2   xc028   ECDHE-RSA-AES256-SHA384           ECDH 521   AES         256      TLS_ECDHE_RSA_WITH_AES_256_CBC_SHA384","",""
"cipher-tls1_2_xc014","www.vienne-numerique.fr/83.206.130.186","443","LOW","TLSv1.2   xc014   ECDHE-RSA-AES256-SHA              ECDH 521   AES         256      TLS_ECDHE_RSA_WITH_AES_256_CBC_SHA","",""
"cipher-tls1_2_x9f","www.vienne-numerique.fr/83.206.130.186","443","OK","TLSv1.2   x9f     DHE-RSA-AES256-GCM-SHA384         DH 2048    AESGCM      256      TLS_DHE_RSA_WITH_AES_256_GCM_SHA384","",""
"cipher-tls1_2_x6b","www.vienne-numerique.fr/83.206.130.186","443","LOW","TLSv1.2   x6b     DHE-RSA-AES256-SHA256             DH 2048    AES         256      TLS_DHE_RSA_WITH_AES_256_CBC_SHA256","",""
"cipher-tls1_2_x39","www.vienne-numerique.fr/83.206.130.186","443","LOW","TLSv1.2   x39     DHE-RSA-AES256-SHA                DH 2048    AES         256      TLS_DHE_RSA_WITH_AES_256_CBC_SHA","",""
"cipher-tls1_2_xc077","www.vienne-numerique.fr/83.206.130.186","443","LOW","TLSv1.2   xc077   ECDHE-RSA-CAMELLIA256-SHA384      ECDH 521   Camellia    256      TLS_ECDHE_RSA_WITH_CAMELLIA_256_CBC_SHA384","",""
"cipher-tls1_2_xc4","www.vienne-numerique.fr/83.206.130.186","443","LOW","TLSv1.2   xc4     DHE-RSA-CAMELLIA256-SHA256        DH 2048    Camellia    256      TLS_DHE_RSA_WITH_CAMELLIA_256_CBC_SHA256","",""
"cipher-tls1_2_x88","www.vienne-numerique.fr/83.206.130.186","443","LOW","TLSv1.2   x88     DHE-RSA-CAMELLIA256-SHA           DH 2048    Camellia    256      TLS_DHE_RSA_WITH_CAMELLIA_256_CBC_SHA","",""
"cipher-tls1_2_x9d","www.vienne-numerique.fr/83.206.130.186","443","OK","TLSv1.2   x9d     AES256-GCM-SHA384                 RSA        AESGCM      256      TLS_RSA_WITH_AES_256_GCM_SHA384","",""
"cipher-tls1_2_x3d","www.vienne-numerique.fr/83.206.130.186","443","LOW","TLSv1.2   x3d     AES256-SHA256                     RSA        AES         256      TLS_RSA_WITH_AES_256_CBC_SHA256","",""
"cipher-tls1_2_x35","www.vienne-numerique.fr/83.206.130.186","443","LOW","TLSv1.2   x35     AES256-SHA                        RSA        AES         256      TLS_RSA_WITH_AES_256_CBC_SHA","",""
"cipher-tls1_2_xc0","www.vienne-numerique.fr/83.206.130.186","443","LOW","TLSv1.2   xc0     CAMELLIA256-SHA256                RSA        Camellia    256      TLS_RSA_WITH_CAMELLIA_256_CBC_SHA256","",""
"cipher-tls1_2_x84","www.vienne-numerique.fr/83.206.130.186","443","LOW","TLSv1.2   x84     CAMELLIA256-SHA                   RSA        Camellia    256      TLS_RSA_WITH_CAMELLIA_256_CBC_SHA","",""
"cipher-tls1_2_xc02f","www.vienne-numerique.fr/83.206.130.186","443","OK","TLSv1.2   xc02f   ECDHE-RSA-AES128-GCM-SHA256       ECDH 521   AESGCM      128      TLS_ECDHE_RSA_WITH_AES_128_GCM_SHA256","",""
"cipher-tls1_2_xc027","www.vienne-numerique.fr/83.206.130.186","443","LOW","TLSv1.2   xc027   ECDHE-RSA-AES128-SHA256           ECDH 521   AES         128      TLS_ECDHE_RSA_WITH_AES_128_CBC_SHA256","",""
"cipher-tls1_2_xc013","www.vienne-numerique.fr/83.206.130.186","443","LOW","TLSv1.2   xc013   ECDHE-RSA-AES128-SHA              ECDH 521   AES         128      TLS_ECDHE_RSA_WITH_AES_128_CBC_SHA","",""
"cipher-tls1_2_x9e","www.vienne-numerique.fr/83.206.130.186","443","OK","TLSv1.2   x9e     DHE-RSA-AES128-GCM-SHA256         DH 2048    AESGCM      128      TLS_DHE_RSA_WITH_AES_128_GCM_SHA256","",""
"cipher-tls1_2_x67","www.vienne-numerique.fr/83.206.130.186","443","LOW","TLSv1.2   x67     DHE-RSA-AES128-SHA256             DH 2048    AES         128      TLS_DHE_RSA_WITH_AES_128_CBC_SHA256","",""
"cipher-tls1_2_x33","www.vienne-numerique.fr/83.206.130.186","443","LOW","TLSv1.2   x33     DHE-RSA-AES128-SHA                DH 2048    AES         128      TLS_DHE_RSA_WITH_AES_128_CBC_SHA","",""
"cipher-tls1_2_xc076","www.vienne-numerique.fr/83.206.130.186","443","LOW","TLSv1.2   xc076   ECDHE-RSA-CAMELLIA128-SHA256      ECDH 521   Camellia    128      TLS_ECDHE_RSA_WITH_CAMELLIA_128_CBC_SHA256","",""
"cipher-tls1_2_xbe","www.vienne-numerique.fr/83.206.130.186","443","LOW","TLSv1.2   xbe     DHE-RSA-CAMELLIA128-SHA256        DH 2048    Camellia    128      TLS_DHE_RSA_WITH_CAMELLIA_128_CBC_SHA256","",""
"cipher-tls1_2_x45","www.vienne-numerique.fr/83.206.130.186","443","LOW","TLSv1.2   x45     DHE-RSA-CAMELLIA128-SHA           DH 2048    Camellia    128      TLS_DHE_RSA_WITH_CAMELLIA_128_CBC_SHA","",""
"cipher-tls1_2_x9c","www.vienne-numerique.fr/83.206.130.186","443","OK","TLSv1.2   x9c     AES128-GCM-SHA256                 RSA        AESGCM      128      TLS_RSA_WITH_AES_128_GCM_SHA256","",""
"cipher-tls1_2_x3c","www.vienne-numerique.fr/83.206.130.186","443","LOW","TLSv1.2   x3c     AES128-SHA256                     RSA        AES         128      TLS_RSA_WITH_AES_128_CBC_SHA256","",""
"cipher-tls1_2_x2f","www.vienne-numerique.fr/83.206.130.186","443","LOW","TLSv1.2   x2f     AES128-SHA                        RSA        AES         128      TLS_RSA_WITH_AES_128_CBC_SHA","",""
"cipher-tls1_2_xba","www.vienne-numerique.fr/83.206.130.186","443","LOW","TLSv1.2   xba     CAMELLIA128-SHA256                RSA        Camellia    128      TLS_RSA_WITH_CAMELLIA_128_CBC_SHA256","",""
"cipher-tls1_2_x41","www.vienne-numerique.fr/83.206.130.186","443","LOW","TLSv1.2   x41     CAMELLIA128-SHA                   RSA        Camellia    128      TLS_RSA_WITH_CAMELLIA_128_CBC_SHA","",""
"supportedciphers_TLSv1_2","www.vienne-numerique.fr/83.206.130.186","443","INFO","ECDHE-RSA-AES256-GCM-SHA384 ECDHE-RSA-AES256-SHA384 ECDHE-RSA-AES256-SHA DHE-RSA-AES256-GCM-SHA384 DHE-RSA-AES256-SHA256 DHE-RSA-AES256-SHA ECDHE-RSA-CAMELLIA256-SHA384 DHE-RSA-CAMELLIA256-SHA256 DHE-RSA-CAMELLIA256-SHA AES256-GCM-SHA384 AES256-SHA256 AES256-SHA CAMELLIA256-SHA256 CAMELLIA256-SHA ECDHE-RSA-AES128-GCM-SHA256 ECDHE-RSA-AES128-SHA256 ECDHE-RSA-AES128-SHA DHE-RSA-AES128-GCM-SHA256 DHE-RSA-AES128-SHA256 DHE-RSA-AES128-SHA ECDHE-RSA-CAMELLIA128-SHA256 DHE-RSA-CAMELLIA128-SHA256 DHE-RSA-CAMELLIA128-SHA AES128-GCM-SHA256 AES128-SHA256 AES128-SHA CAMELLIA128-SHA256 CAMELLIA128-SHA","",""
"cipher_order","www.vienne-numerique.fr/83.206.130.186","443","INFO","NOT a cipher order configured","",""
"FS","www.vienne-numerique.fr/83.206.130.186","443","OK","offered","",""
"FS_ciphers","www.vienne-numerique.fr/83.206.130.186","443","INFO","DHE-RSA-AES128-GCM-SHA256 DHE-RSA-AES128-SHA256 DHE-RSA-AES128-SHA DHE-RSA-AES256-GCM-SHA384 DHE-RSA-AES256-SHA256 DHE-RSA-AES256-SHA DHE-RSA-CAMELLIA128-SHA256 DHE-RSA-CAMELLIA128-SHA DHE-RSA-CAMELLIA256-SHA256 DHE-RSA-CAMELLIA256-SHA ECDHE-RSA-AES128-GCM-SHA256 ECDHE-RSA-AES128-SHA256 ECDHE-RSA-AES128-SHA ECDHE-RSA-AES256-GCM-SHA384 ECDHE-RSA-AES256-SHA384 ECDHE-RSA-AES256-SHA ECDHE-RSA-CAMELLIA128-SHA256 ECDHE-RSA-CAMELLIA256-SHA384","",""
"FS_ECDHE_curves","www.vienne-numerique.fr/83.206.130.186","443","OK","prime256v1 secp384r1 secp521r1","",""
"TLS_extensions","www.vienne-numerique.fr/83.206.130.186","443","INFO","'renegotiation info/#65281' 'server name/#0' 'EC point formats/#11' 'session ticket/#35' 'max fragment length/#1' 'application layer protocol negotiation/#16' 'encrypt-then-mac/#22' 'extended master secret/#23'","",""
"TLS_session_ticket","www.vienne-numerique.fr/83.206.130.186","443","INFO","valid for 300 seconds only (<daily)","",""
"SSL_sessionID_support","www.vienne-numerique.fr/83.206.130.186","443","INFO","yes","",""
"sessionresumption_ticket","www.vienne-numerique.fr/83.206.130.186","443","INFO","not supported","",""
"sessionresumption_ID","www.vienne-numerique.fr/83.206.130.186","443","INFO","not supported","",""
"TLS_timestamp","www.vienne-numerique.fr/83.206.130.186","443","INFO","random","",""
"cert_compression","www.vienne-numerique.fr/83.206.130.186","443","INFO","N/A","",""
"clientAuth","www.vienne-numerique.fr/83.206.130.186","443","INFO","none","",""
"cert_numbers","www.vienne-numerique.fr/83.206.130.186","443","INFO","1","",""
"cert_signatureAlgorithm","www.vienne-numerique.fr/83.206.130.186","443","OK","SHA384 with RSA","",""
"cert_keySize","www.vienne-numerique.fr/83.206.130.186","443","INFO","RSA 2048 bits (exponent is 65537)","",""
"cert_keyUsage","www.vienne-numerique.fr/83.206.130.186","443","INFO","Digital Signature, Key Encipherment","",""
"cert_extKeyUsage","www.vienne-numerique.fr/83.206.130.186","443","INFO","TLS Web Server Authentication, TLS Web Client Authentication","",""
"cert_serialNumber","www.vienne-numerique.fr/83.206.130.186","443","INFO","693839186E4AA26A5350B8DE10FCA966","",""
"cert_serialNumberLen","www.vienne-numerique.fr/83.206.130.186","443","INFO","16","",""
"cert_fingerprintSHA1","www.vienne-numerique.fr/83.206.130.186","443","INFO","55870FE5F0571E34E27099C09F76F6105C0F8AA4","",""
"cert_fingerprintSHA256","www.vienne-numerique.fr/83.206.130.186","443","INFO","630099E4A49C6027F0E92C27502911E05AC97B42050DF65DDA99B21564F71489","",""
"cert","www.vienne-numerique.fr/83.206.130.186","443","INFO","-----BEGIN CERTIFICATE-----\nMIIHPzCCBaegAwIBAgIQaTg5GG5KompTULjeEPypZjANBgkqhkiG9w0BAQwFADBlMQswCQYDVQQGEwJHQjEZMBcGA1UEChMQVEJTIEludGVybmV0IEx0ZDE7MDkGA1UEAxMyVEJTIFJTQSBPcmdhbml6YXRpb24gVmFsaWRhdGlvbiBTZWN1cmUgU2VydmVyIENBIDMwHhcNMjQwMzIxMDAwMDAwWhcNMjUwNDA2MjM1OTU5WjBjMQswCQYDVQQGEwJGUjEPMA0GA1UECBMGVmllbm5lMSEwHwYDVQQKExhERVBBUlRFTUVOVCBERSBMQSBWSUVOTkUxIDAeBgNVBAMTF3d3dy52aWVubmUtbnVtZXJpcXVlLmZyMIIBIjANBgkqhkiG9w0BAQEFAAOCAQ8AMIIBCgKCAQEA0lY/+g7BiIM7AlWRdKXvXB2bNo2EZW3zBZoCAneFuXwLXE17kDVgcprr66XT4hG3OD5ztK5Ni55wWsza7F8PG/1VGtJvZjaxlmNWS07wVV2acYgb0YAJNsDWXaf7uB+7/xxiPYZ/u2OoR6PQ94W04KodWScUyviHJXJDULYH+4+ibCVn37e1AQtW8BbYpKJxh1iOyt/ZS2Yy7zi/tEezASpqg8nyZZ+pZrOHV0JugDq8mtwSPlG3HkiKTAes+PygwjUyO8qlcs45+6jzgI7cFnQFbEF7MPLMVmlAdchJ/viY4kDl0qaOvg67UIQQ1ge1lCDlDSmoWmRlFOIDX9UNyQIDAQABo4IDazCCA2cwHwYDVR0jBBgwFoAUgJNdKsqN2ErLKq2HQtjAN9lhIBUwHQYDVR0OBBYEFDMKKYR7Bk5+2x1w3+jE6vQzfi+VMA4GA1UdDwEB/wQEAwIFoDAMBgNVHRMBAf8EAjAAMB0GA1UdJQQWMBQGCCsGAQUFBwMBBggrBgEFBQcDAjBJBgNVHSAEQjBAMDQGCysGAQQBsjEBAgJtMCUwIwYIKwYBBQUHAgEWF2h0dHBzOi8vc2VjdGlnby5jb20vQ1BTMAgGBmeBDAECAjBXBgNVHR8EUDBOMEygSqBIhkZodHRwOi8vY3JsLnNlY3RpZ28uY29tL1RCU1JTQU9yZ2FuaXphdGlvblZhbGlkYXRpb25TZWN1cmVTZXJ2ZXJDQTMuY3JsMIGHBggrBgEFBQcBAQR7MHkwUgYIKwYBBQUHMAKGRmh0dHA6Ly9jcnQuc2VjdGlnby5jb20vVEJTUlNBT3JnYW5pemF0aW9uVmFsaWRhdGlvblNlY3VyZVNlcnZlckNBMy5jcnQwIwYIKwYBBQUHMAGGF2h0dHA6Ly9vY3NwLnNlY3RpZ28uY29tMDcGA1UdEQQwMC6CF3d3dy52aWVubmUtbnVtZXJpcXVlLmZyghN2aWVubmUtbnVtZXJpcXVlLmZyMIIBfwYKKwYBBAHWeQIEAgSCAW8EggFrAWkAdwDPEVbu1S58r/OHW9lpLpvpGnFnSrAX7KwB0lt3zsw7CAAAAY5hx/q6AAAEAwBIMEYCIQDjuFpxFkUejAUXOmK8l+5ggF2THZsdEjjl1RMbsSfC4gIhAPh3iHcOtatPDUJZQFMIxF9Cxtvzs0NnJVXyKmNBGUhlAHYAouMK5EXvva2bfjjtR2d3U9eCW4SU1yteGyzEuVCkR+cAAAGOYcf5sAAABAMARzBFAiBTVsQBTmMcm7jGO41t0faWr/m1rGpSIK70HJlVTZmXTgIhANlU6iBtuJrdymImLMXucc4rPrsO/DsVoprF/oXuiEmFAHYATnWjJ1yaEMM4W2zU3z9S6x3w4I4bjWnAsfpksWKaOd8AAAGOYcf5mAAABAMARzBFAiEAuf3d9Zoj9vdo0NQ9k79TAPOKeNePGkrfCW2YtQF/3PUCIF1XQBT20vQgezo0myM1RcgBy0nGpRym3+/VpOIiIKLhMA0GCSqGSIb3DQEBDAUAA4IBgQCdiASRrIGQyTNv4ZGBoL/gTv7d58tMZaO1ST5B6g8eGQlzeIyzfwuAol8Z3fFNb3HFPDMyPiBiuQ2R7p+xdydevFWdNRj6K/YHgl9sNGs+srDiNsaZWcDu4qfeyrkK95ITrSkfB080raoZ3acw9qL8iWICh4j+mGoEcv/tanjBAhFgVmv/OTb+I6JDopy5hjvxXiF60T0AC2HNgv3cz+2yIhPMNCAc1mlTP6LQ3lCwkmx5oCWMW0GVDDrdgEdQSx1HgPETiNbaQCNNJPSh8zIxGs83YhMiMVvbhJhfljru+enBlK3Yj0unOalixYzj72+Aq4vQFcKqRjNyZmTiweu8MzDisP73SJEs7gDb62P4OGdGW6gy899DYI9PE+pHsWG9CRUngp7Frotmv4mzH/Vk8h2Ejbb7sHhInUknd4L+RipVORFnTKkIJ1qRxffXcYh9f29bBI/VN4wyBqLKxaQO7CWDsUb+DWMxLMqGpFQWYCG6LIRIu3bqNH5qXALNTAY=\n-----END CERTIFICATE-----","",""
"cert_commonName","www.vienne-numerique.fr/83.206.130.186","443","OK","www.vienne-numerique.fr","",""
"cert_commonName_wo_SNI","www.vienne-numerique.fr/83.206.130.186","443","INFO","*.portailagents86.fr","",""
"cert_subjectAltName","www.vienne-numerique.fr/83.206.130.186","443","INFO","www.vienne-numerique.fr vienne-numerique.fr","",""
"cert_trust","www.vienne-numerique.fr/83.206.130.186","443","OK","Ok via SAN and CN (SNI mandatory)","",""
"cert_chain_of_trust","www.vienne-numerique.fr/83.206.130.186","443","OK","passed.","",""
"cert_certificatePolicies_EV","www.vienne-numerique.fr/83.206.130.186","443","INFO","no","",""
"cert_expirationStatus","www.vienne-numerique.fr/83.206.130.186","443","OK","266 >= 60 days","",""
"cert_notBefore","www.vienne-numerique.fr/83.206.130.186","443","INFO","2024-03-21 00:00","",""
"cert_notAfter","www.vienne-numerique.fr/83.206.130.186","443","OK","2025-04-06 23:59","",""
"cert_extlifeSpan","www.vienne-numerique.fr/83.206.130.186","443","OK","certificate has no extended life time according to browser forum","",""
"cert_eTLS","www.vienne-numerique.fr/83.206.130.186","443","INFO","not present","",""
"cert_crlDistributionPoints","www.vienne-numerique.fr/83.206.130.186","443","INFO","http://crl.sectigo.com/TBSRSAOrganizationValidationSecureServerCA3.crl","",""
"cert_ocspURL","www.vienne-numerique.fr/83.206.130.186","443","INFO","http://ocsp.sectigo.com","",""
"OCSP_stapling","www.vienne-numerique.fr/83.206.130.186","443","LOW","not offered","",""
"cert_mustStapleExtension","www.vienne-numerique.fr/83.206.130.186","443","INFO","--","",""
"DNS_CAArecord","www.vienne-numerique.fr/83.206.130.186","443","LOW","--","",""
"certificate_transparency","www.vienne-numerique.fr/83.206.130.186","443","OK","yes (certificate extension)","",""
"certs_countServer","www.vienne-numerique.fr/83.206.130.186","443","INFO","3","",""
"certs_list_ordering_problem","www.vienne-numerique.fr/83.206.130.186","443","INFO","no","",""
"cert_caIssuers","www.vienne-numerique.fr/83.206.130.186","443","INFO","TBS RSA Organization Validation Secure Server CA 3 (TBS Internet Ltd from GB)","",""
"intermediate_cert <#1>","www.vienne-numerique.fr/83.206.130.186","443","INFO","-----BEGIN CERTIFICATE-----\nMIIGazCCBFOgAwIBAgIRALo3SyDkpuxoG8OrRtht2aQwDQYJKoZIhvcNAQEMBQAwgYgxCzAJBgNVBAYTAlVTMRMwEQYDVQQIEwpOZXcgSmVyc2V5MRQwEgYDVQQHEwtKZXJzZXkgQ2l0eTEeMBwGA1UEChMVVGhlIFVTRVJUUlVTVCBOZXR3b3JrMS4wLAYDVQQDEyVVU0VSVHJ1c3QgUlNBIENlcnRpZmljYXRpb24gQXV0aG9yaXR5MB4XDTIzMDgwMjAwMDAwMFoXDTMzMDgwMTIzNTk1OVowZTELMAkGA1UEBhMCR0IxGTAXBgNVBAoTEFRCUyBJbnRlcm5ldCBMdGQxOzA5BgNVBAMTMlRCUyBSU0EgT3JnYW5pemF0aW9uIFZhbGlkYXRpb24gU2VjdXJlIFNlcnZlciBDQSAzMIIBojANBgkqhkiG9w0BAQEFAAOCAY8AMIIBigKCAYEAsWmYEAyjBawD8lRE0DnZuCtKg7rpY/Ur4ImNtiSST/gH/c6b9uO9n/8zIi7BB3rzaA/xamKQsqyzIh7WEI8xZN4RoKhBD52vKn+hUGPzoq9bZe0b6VwCUcnCfId4d1vPerl/+aaDamJAY71P0raZXTyTUnnzwZexPDS2jpookbZyJSASizlsenlPASbqLf7PMbCwWKTig31DYYAxXq6K0LX+oDRQGwhCjYe2uMqRIVdS34yqtpcLg+M8NM6cQ4cN41Fpedy1WB0zAnxmcsykRCtSokc9mc6+Wk3EPWkvFARljQkZeTb/sJgyED1EKy4dd0X+nDyiMsaJHje6jI6HBA1zAQ2NbRnbN2Q+hQrgS/SiD8dSyAC+B4FW1SX8g6zXmU1bwEvjQmeZaLwbrIETB+hs20mXsjnY0XG/mt6nvsB7bHUiPlvefhx+2jQ/6oRNmi1/w9+kW8gqDT6fU1TJ/RQNrwX8uvJvRQp0uQUrfkbwHQix97npDz76S2sbMUjbAgMBAAGjggFwMIIBbDAfBgNVHSMEGDAWgBRTeb9aqitKz1SA4dibwJ3ysgNmyzAdBgNVHQ4EFgQUgJNdKsqN2ErLKq2HQtjAN9lhIBUwDgYDVR0PAQH/BAQDAgGGMBIGA1UdEwEB/wQIMAYBAf8CAQAwHQYDVR0lBBYwFAYIKwYBBQUHAwEGCCsGAQUFBwMCMCIGA1UdIAQbMBkwDQYLKwYBBAGyMQECAm0wCAYGZ4EMAQICMFAGA1UdHwRJMEcwRaBDoEGGP2h0dHA6Ly9jcmwudXNlcnRydXN0LmNvbS9VU0VSVHJ1c3RSU0FDZXJ0aWZpY2F0aW9uQXV0aG9yaXR5LmNybDBxBggrBgEFBQcBAQRlMGMwOgYIKwYBBQUHMAKGLmh0dHA6Ly9jcnQudXNlcnRydXN0LmNvbS9VU0VSVHJ1c3RSU0FBQUFDQS5jcnQwJQYIKwYBBQUHMAGGGWh0dHA6Ly9vY3NwLnVzZXJ0cnVzdC5jb20wDQYJKoZIhvcNAQEMBQADggIBAGHXlmDqvOaM8uRWT6FNxOdAinbeUnDSzQG5Q3hI1QSIBJBaPut0XrTUIQSK37HHWcd8fmNz+fN2ePIbwBN0C7jQal969ITCTP9RFl3R22kabCxItOZB20GvSJxRrztyIV2eSaoDQKv/GM/1OYik9tP1/TsHr5t5j0MutuE7KisYq3S3VcV8MCr2YjD86DX8tHcwgqrcHNkz8ebDNYCInH53mNF3KE3YnPAFNUBFzpIy2yG8sAQJBVkNfMEBmSEeuaCXUXfMuxlrDM01MYxJs5vzL7uiVa7kaFgE2eppulx9Phm9joS8D2kuXcB1iAlYt3KNrY/sTYQImMWU945Vmk97aBlLlDLsHKybW46N1fTPOKPlW5sEZlq1Y2t1bECuXYbOGG+5j5xHz6oQfdXvF2G+iTyPTEskNDgy3rBn0oUe5nQ/II4lJeksRwYz0W9Q+vnyCaDcPvbzljQCjUZC+eIBY2Txg2tfzW0VYrMt5gRP3H+G5Fjkri0WhrMfb9N/YICHWwzck1iKvDV4WQm4vrxYYstKK2J+oBfY74khcjc0BZwGlLnWufN3fIdZLOfXPWWAnHeGNTztCrGjN/wFBVwECFjq86mIBwil9QAejFwWu6ApMTSzNoQN+BF13rEavbLtBGB/lw6fOOB82HON1NtLJqvOPXLb9iJMHs0PzRAl\n-----END CERTIFICATE-----","",""
"intermediate_cert_fingerprintSHA256 <#1>","www.vienne-numerique.fr/83.206.130.186","443","INFO","1F1B69BF37D3E228B3A0F4E89EC47831C98F38A845391B614FED5908705CC5DD","",""
"intermediate_cert_notBefore <#1>","www.vienne-numerique.fr/83.206.130.186","443","INFO","2023-08-02 00:00","",""
"intermediate_cert_notAfter <#1>","www.vienne-numerique.fr/83.206.130.186","443","OK","2033-08-01 23:59","",""
"intermediate_cert_expiration <#1>","www.vienne-numerique.fr/83.206.130.186","443","OK","ok > 40 days","",""
"intermediate_cert_chain <#1>","www.vienne-numerique.fr/83.206.130.186","443","INFO","TBS RSA Organization Validation Secure Server CA 3 <-- USERTrust RSA Certification Authority","",""
"intermediate_cert <#2>","www.vienne-numerique.fr/83.206.130.186","443","INFO","-----BEGIN CERTIFICATE-----\nMIIFgTCCBGmgAwIBAgIQOXJEOvkit1HX02wQ3TE1lTANBgkqhkiG9w0BAQwFADB7MQswCQYDVQQGEwJHQjEbMBkGA1UECAwSR3JlYXRlciBNYW5jaGVzdGVyMRAwDgYDVQQHDAdTYWxmb3JkMRowGAYDVQQKDBFDb21vZG8gQ0EgTGltaXRlZDEhMB8GA1UEAwwYQUFBIENlcnRpZmljYXRlIFNlcnZpY2VzMB4XDTE5MDMxMjAwMDAwMFoXDTI4MTIzMTIzNTk1OVowgYgxCzAJBgNVBAYTAlVTMRMwEQYDVQQIEwpOZXcgSmVyc2V5MRQwEgYDVQQHEwtKZXJzZXkgQ2l0eTEeMBwGA1UEChMVVGhlIFVTRVJUUlVTVCBOZXR3b3JrMS4wLAYDVQQDEyVVU0VSVHJ1c3QgUlNBIENlcnRpZmljYXRpb24gQXV0aG9yaXR5MIICIjANBgkqhkiG9w0BAQEFAAOCAg8AMIICCgKCAgEAgBJlFzYOw9sIs9CsVw127c0n00ytUINh4qogTQktZAnczomfzD2p7PbPwdzx07HWezcoEStH2jnGvDoZtF+mvX2do2NCtnbyqTsrkfjib9DsFiCQCT7i6HTJGLSR1GJk23+jBvGIGGqQIjy8/hPwhxR79uQfjtTkUcYRZ0YIUcuGFFQ/vDP+fmyc/xadGL1RjjWmp2bIcmfbIWax1Jt4A8BQOujM8Ny8nkz+rwWWNR9XWrf/zvk9tyy29lTdyOcSOk2uTIq3XJq0tyA9yn8iNK5+O2hmAUTnAU5GU5szYPeUvlM3kHND8zLDU+/bqv50TmnHa4xgk97Exwzf4TKuzJM7UXiVZ4vuPVb+DNBpDxsP8yUmazNt925H+nND5X4OpWaxKXwyhGNVicQNwZNUMBkTrNN9N6frXTpsNVzbQdcS2qlJC9/YgIoJk2KOtWbPJYjNhLixP6Q5D9kCnusSTJV882sFqV4Wg8y4Z+LoE53MW4LTTLPtW//e5XOsIzstAL81VXQJSdhJWBp/kjbmUZIO8yZ9HE0XvMnsQybQv0FfQKlERPSZ51eHnlAfV1SoPv10Yy+xUGUJ5lhCLkMaTLTwJUdZ+gQek9QmRkpQgbLevni3/GcV4clXhB4PY9bpYrrWX1Uu6lzGKAgEJTm4Diup8kyXHAc/DVL17e8vgg8CAwEAAaOB8jCB7zAfBgNVHSMEGDAWgBSgEQojPpbxB+zirynvgqV/0DCktDAdBgNVHQ4EFgQUU3m/WqorSs9UgOHYm8Cd8rIDZsswDgYDVR0PAQH/BAQDAgGGMA8GA1UdEwEB/wQFMAMBAf8wEQYDVR0gBAowCDAGBgRVHSAAMEMGA1UdHwQ8MDowOKA2oDSGMmh0dHA6Ly9jcmwuY29tb2RvY2EuY29tL0FBQUNlcnRpZmljYXRlU2VydmljZXMuY3JsMDQGCCsGAQUFBwEBBCgwJjAkBggrBgEFBQcwAYYYaHR0cDovL29jc3AuY29tb2RvY2EuY29tMA0GCSqGSIb3DQEBDAUAA4IBAQAYh1HcdCE9nIrgJ7cz0C7M7PDmy14R3iJvm3WOnnL+5Nb+qh+cli3vA0p+rvSNb3I8QzvAP+u431yqqcau8vzY7qN7Q/aGNnwU4M309z/+3ri0ivCRlv79Q2R+/czSAaF9ffgZGclCKxO/WIu6pKJmBHaIkU4MiRTOok3JMrO66BQavHHxW/BBC5gACiIDEOUMsfnNkjcZ7Tvx5Dq2+UUTJnWvu6rvP3t3O9LEApE9GQDTF1w52z97GA1FzZOFli9d31kWTz9RvdVFGD/tSo7oBmF0Ixa1DVBzJ0RHfxBdiSprhTEUxOipakyAvGp4z7h/jnZymQyd/teRCBaho1+V\n-----END CERTIFICATE-----","",""
"intermediate_cert_fingerprintSHA256 <#2>","www.vienne-numerique.fr/83.206.130.186","443","INFO","68B9C761219A5B1F0131784474665DB61BBDB109E00F05CA9F74244EE5F5F52B","",""
"intermediate_cert_notBefore <#2>","www.vienne-numerique.fr/83.206.130.186","443","INFO","2019-03-12 00:00","",""
"intermediate_cert_notAfter <#2>","www.vienne-numerique.fr/83.206.130.186","443","OK","2028-12-31 23:59","",""
"intermediate_cert_expiration <#2>","www.vienne-numerique.fr/83.206.130.186","443","OK","ok > 40 days","",""
"intermediate_cert_chain <#2>","www.vienne-numerique.fr/83.206.130.186","443","INFO","USERTrust RSA Certification Authority <-- AAA Certificate Services","",""
"intermediate_cert_badOCSP","www.vienne-numerique.fr/83.206.130.186","443","OK","intermediate certificate(s) is/are ok","",""
"HTTP_status_code","www.vienne-numerique.fr/83.206.130.186","443","INFO","200 OK ('/')","",""
"HTTP_clock_skew","www.vienne-numerique.fr/83.206.130.186","443","INFO","+1924 seconds from localtime","",""
"HTTP_headerTime","www.vienne-numerique.fr/83.206.130.186","443","INFO","1720923821","",""
"HSTS","www.vienne-numerique.fr/83.206.130.186","443","LOW","not offered","",""
"HPKP","www.vienne-numerique.fr/83.206.130.186","443","INFO","No support for HTTP Public Key Pinning","",""
"banner_server","www.vienne-numerique.fr/83.206.130.186","443","INFO","Apache","",""
"banner_application","www.vienne-numerique.fr/83.206.130.186","443","INFO","No application banner found","",""
"cookie_count","www.vienne-numerique.fr/83.206.130.186","443","INFO","2 at '/'","",""
"cookie_secure","www.vienne-numerique.fr/83.206.130.186","443","INFO","0/2 at '/' marked as secure","",""
"cookie_httponly","www.vienne-numerique.fr/83.206.130.186","443","INFO","0/2 at '/' marked as HttpOnly","",""
"X-Frame-Options","www.vienne-numerique.fr/83.206.130.186","443","OK","SAMEORIGIN","",""
"X-Content-Type-Options","www.vienne-numerique.fr/83.206.130.186","443","OK","nosniff","",""
"X-XSS-Protection","www.vienne-numerique.fr/83.206.130.186","443","INFO","1; mode=block","",""
"Cache-Control","www.vienne-numerique.fr/83.206.130.186","443","INFO","no-store, no-cache, must-revalidate, post-check=0, pre-check=0","",""
"Pragma","www.vienne-numerique.fr/83.206.130.186","443","INFO","no-cache","",""
"banner_reverseproxy","www.vienne-numerique.fr/83.206.130.186","443","INFO","--","","CWE-200"
"heartbleed","www.vienne-numerique.fr/83.206.130.186","443","OK","not vulnerable, no heartbeat extension","CVE-2014-0160","CWE-119"
"CCS","www.vienne-numerique.fr/83.206.130.186","443","OK","not vulnerable","CVE-2014-0224","CWE-310"
"ticketbleed","www.vienne-numerique.fr/83.206.130.186","443","OK","not vulnerable","CVE-2016-9244","CWE-200"
"ROBOT","www.vienne-numerique.fr/83.206.130.186","443","OK","not vulnerable","CVE-2017-17382 CVE-2017-17427 CVE-2017-17428 CVE-2017-13098 CVE-2017-1000385 CVE-2017-13099 CVE-2016-6883 CVE-2012-5081 CVE-2017-6168","CWE-203"
"secure_renego","www.vienne-numerique.fr/83.206.130.186","443","OK","supported","","CWE-310"
"secure_client_renego","www.vienne-numerique.fr/83.206.130.186","443","OK","not vulnerable","CVE-2011-1473","CWE-310"
"CRIME_TLS","www.vienne-numerique.fr/83.206.130.186","443","OK","not vulnerable","CVE-2012-4929","CWE-310"
"BREACH","www.vienne-numerique.fr/83.206.130.186","443","MEDIUM","potentially VULNERABLE, gzip HTTP compression detected  - only supplied '/' tested","CVE-2013-3587","CWE-310"
"POODLE_SSL","www.vienne-numerique.fr/83.206.130.186","443","OK","not vulnerable, no SSLv3","CVE-2014-3566","CWE-310"
"fallback_SCSV","www.vienne-numerique.fr/83.206.130.186","443","OK","no protocol below TLS 1.2 offered","",""
"SWEET32","www.vienne-numerique.fr/83.206.130.186","443","OK","not vulnerable","CVE-2016-2183 CVE-2016-6329","CWE-327"
"FREAK","www.vienne-numerique.fr/83.206.130.186","443","OK","not vulnerable","CVE-2015-0204","CWE-310"
"DROWN","www.vienne-numerique.fr/83.206.130.186","443","OK","not vulnerable on this host and port","CVE-2016-0800 CVE-2016-0703","CWE-310"
"DROWN_hint","www.vienne-numerique.fr/83.206.130.186","443","INFO","Make sure you don't use this certificate elsewhere with SSLv2 enabled services, see https://search.censys.io/search?resource=hosts&virtual_hosts=INCLUDE&q=630099E4A49C6027F0E92C27502911E05AC97B42050DF65DDA99B21564F71489","CVE-2016-0800 CVE-2016-0703","CWE-310"
"LOGJAM-common_primes","www.vienne-numerique.fr/83.206.130.186","443","INFO","RFC3526/Oakley Group 14","CVE-2015-4000","CWE-310"
"LOGJAM","www.vienne-numerique.fr/83.206.130.186","443","OK","not vulnerable, no DH EXPORT ciphers,","CVE-2015-4000","CWE-310"
"BEAST","www.vienne-numerique.fr/83.206.130.186","443","OK","not vulnerable, no SSL3 or TLS1","CVE-2011-3389","CWE-20"
"LUCKY13","www.vienne-numerique.fr/83.206.130.186","443","LOW","potentially vulnerable, uses TLS CBC ciphers","CVE-2013-0169","CWE-310"
"winshock","www.vienne-numerique.fr/83.206.130.186","443","OK","not vulnerable","CVE-2014-6321","CWE-94"
"RC4","www.vienne-numerique.fr/83.206.130.186","443","OK","not vulnerable","CVE-2013-2566 CVE-2015-2808","CWE-310"
"clientsimulation-android_60","www.vienne-numerique.fr/83.206.130.186","443","INFO","TLSv1.2 ECDHE-RSA-AES128-GCM-SHA256","",""
"clientsimulation-android_70","www.vienne-numerique.fr/83.206.130.186","443","INFO","TLSv1.2 ECDHE-RSA-AES128-GCM-SHA256","",""
"clientsimulation-android_81","www.vienne-numerique.fr/83.206.130.186","443","INFO","TLSv1.2 ECDHE-RSA-AES128-GCM-SHA256","",""
"clientsimulation-android_90","www.vienne-numerique.fr/83.206.130.186","443","INFO","TLSv1.2 ECDHE-RSA-AES128-GCM-SHA256","",""
"clientsimulation-android_X","www.vienne-numerique.fr/83.206.130.186","443","INFO","TLSv1.2 ECDHE-RSA-AES128-GCM-SHA256","",""
"clientsimulation-android_11","www.vienne-numerique.fr/83.206.130.186","443","INFO","TLSv1.2 ECDHE-RSA-AES128-GCM-SHA256","",""
"clientsimulation-android_12","www.vienne-numerique.fr/83.206.130.186","443","INFO","TLSv1.2 ECDHE-RSA-AES128-GCM-SHA256","",""
"clientsimulation-chrome_79_win10","www.vienne-numerique.fr/83.206.130.186","443","INFO","TLSv1.2 ECDHE-RSA-AES128-GCM-SHA256","",""
"clientsimulation-chrome_101_win10","www.vienne-numerique.fr/83.206.130.186","443","INFO","TLSv1.2 ECDHE-RSA-AES128-GCM-SHA256","",""
"clientsimulation-firefox_66_win81","www.vienne-numerique.fr/83.206.130.186","443","INFO","TLSv1.2 ECDHE-RSA-AES128-GCM-SHA256","",""
"clientsimulation-firefox_100_win10","www.vienne-numerique.fr/83.206.130.186","443","INFO","TLSv1.2 ECDHE-RSA-AES128-GCM-SHA256","",""
"clientsimulation-ie_6_xp","www.vienne-numerique.fr/83.206.130.186","443","INFO","No connection","",""
"clientsimulation-ie_8_win7","www.vienne-numerique.fr/83.206.130.186","443","INFO","No connection","",""
"clientsimulation-ie_8_xp","www.vienne-numerique.fr/83.206.130.186","443","INFO","No connection","",""
"clientsimulation-ie_11_win7","www.vienne-numerique.fr/83.206.130.186","443","INFO","TLSv1.2 ECDHE-RSA-AES256-SHA384","",""
"clientsimulation-ie_11_win81","www.vienne-numerique.fr/83.206.130.186","443","INFO","TLSv1.2 ECDHE-RSA-AES256-SHA384","",""
"clientsimulation-ie_11_winphone81","www.vienne-numerique.fr/83.206.130.186","443","INFO","TLSv1.2 AES128-SHA256","",""
"clientsimulation-ie_11_win10","www.vienne-numerique.fr/83.206.130.186","443","INFO","TLSv1.2 ECDHE-RSA-AES256-GCM-SHA384","",""
"clientsimulation-edge_15_win10","www.vienne-numerique.fr/83.206.130.186","443","INFO","TLSv1.2 ECDHE-RSA-AES256-GCM-SHA384","",""
"clientsimulation-edge_101_win10_21h2","www.vienne-numerique.fr/83.206.130.186","443","INFO","TLSv1.2 ECDHE-RSA-AES128-GCM-SHA256","",""
"clientsimulation-safari_121_ios_122","www.vienne-numerique.fr/83.206.130.186","443","INFO","TLSv1.2 ECDHE-RSA-AES256-GCM-SHA384","",""
"clientsimulation-safari_130_osx_10146","www.vienne-numerique.fr/83.206.130.186","443","INFO","TLSv1.2 ECDHE-RSA-AES256-GCM-SHA384","",""
"clientsimulation-safari_154_osx_1231","www.vienne-numerique.fr/83.206.130.186","443","INFO","TLSv1.2 ECDHE-RSA-AES256-GCM-SHA384","",""
"clientsimulation-java_7u25","www.vienne-numerique.fr/83.206.130.186","443","INFO","No connection","",""
"clientsimulation-java_8u161","www.vienne-numerique.fr/83.206.130.186","443","INFO","TLSv1.2 ECDHE-RSA-AES256-SHA384","",""
"clientsimulation-java1102","www.vienne-numerique.fr/83.206.130.186","443","INFO","TLSv1.2 ECDHE-RSA-AES256-GCM-SHA384","",""
"clientsimulation-java1703","www.vienne-numerique.fr/83.206.130.186","443","INFO","TLSv1.2 ECDHE-RSA-AES256-GCM-SHA384","",""
"clientsimulation-go_1178","www.vienne-numerique.fr/83.206.130.186","443","INFO","TLSv1.2 ECDHE-RSA-AES128-GCM-SHA256","",""
"clientsimulation-libressl_283","www.vienne-numerique.fr/83.206.130.186","443","INFO","TLSv1.2 ECDHE-RSA-CHACHA20-POLY1305","",""
"clientsimulation-openssl_102e","www.vienne-numerique.fr/83.206.130.186","443","INFO","TLSv1.2 ECDHE-RSA-AES256-GCM-SHA384","",""
"clientsimulation-openssl_110l","www.vienne-numerique.fr/83.206.130.186","443","INFO","TLSv1.2 ECDHE-RSA-AES256-GCM-SHA384","",""
"clientsimulation-openssl_111d","www.vienne-numerique.fr/83.206.130.186","443","INFO","TLSv1.2 ECDHE-RSA-AES256-GCM-SHA384","",""
"clientsimulation-openssl_303","www.vienne-numerique.fr/83.206.130.186","443","INFO","TLSv1.2 ECDHE-RSA-AES256-GCM-SHA384","",""
"clientsimulation-apple_mail_16_0","www.vienne-numerique.fr/83.206.130.186","443","INFO","TLSv1.2 ECDHE-RSA-AES256-GCM-SHA384","",""
"clientsimulation-thunderbird_91_9","www.vienne-numerique.fr/83.206.130.186","443","INFO","TLSv1.2 ECDHE-RSA-AES128-GCM-SHA256","",""
"rating_spec","www.vienne-numerique.fr/83.206.130.186","443","INFO","SSL Labs's 'SSL Server Rating Guide' (version 2009q from 2020-01-30)","",""
"rating_doc","www.vienne-numerique.fr/83.206.130.186","443","INFO","https://github.com/ssllabs/research/wiki/SSL-Server-Rating-Guide","",""
"protocol_support_score","www.vienne-numerique.fr/83.206.130.186","443","INFO","100","",""
"protocol_support_score_weighted","www.vienne-numerique.fr/83.206.130.186","443","INFO","30","",""
"key_exchange_score","www.vienne-numerique.fr/83.206.130.186","443","INFO","90","",""
"key_exchange_score_weighted","www.vienne-numerique.fr/83.206.130.186","443","INFO","27","",""
"cipher_strength_score","www.vienne-numerique.fr/83.206.130.186","443","INFO","90","",""
"cipher_strength_score_weighted","www.vienne-numerique.fr/83.206.130.186","443","INFO","36","",""
"final_score","www.vienne-numerique.fr/83.206.130.186","443","INFO","93","",""
"overall_grade","www.vienne-numerique.fr/83.206.130.186","443","OK","A","",""
"grade_cap_reason_1","www.vienne-numerique.fr/83.206.130.186","443","INFO","Grade capped to A. HSTS is not offered","",""
